County,City,Data Points,MAPE,MAE,RMSE,R2 Score
Lee,Keokuk,52,2.08,47409.61,62138.85,0.8
Black Hawk,Waterloo,52,2.34,459434.32,521686.75,0.82
Linn,Cedar Rapids,52,2.47,1377894.88,1838000.23,0.69
Dubuque,Dubuque,52,2.63,542281.54,681084.66,0.85
Des Moines,Burlington,52,2.95,140769.4,178604.5,0.75
Des Moines,West Burlington,52,3.0,121219.58,160051.57,0.78
Washington,Washington,52,3.56,68993.35,81038.51,0.65
Mills,Emerson,52,3.68,6840.93,8238.79,-2.29
Boone,Ogden,52,3.73,5018.35,6967.18,0.75
Monona,Mapleton,52,3.84,7998.73,9750.4,0.8
Marshall,Marshalltown,52,4.23,231013.37,282041.18,0.73
Jones,Anamosa,52,4.41,66623.11,77069.89,0.56
Wayne,Humeston,52,4.61,3274.11,3889.51,0.76
Dubuque,Dyersville,52,4.64,78937.42,118918.41,0.62
Polk,Altoona,52,4.68,453574.9,551367.78,0.78
Page,Clarinda,52,4.73,47090.66,57174.92,0.69
Scott,Davenport,52,4.83,1865898.33,2269896.11,0.19
Cass,Atlantic,52,4.87,118957.13,155246.38,0.47
Pocahontas,Pocahontas,52,4.98,16214.25,22300.12,0.5
Bremer,Waverly,52,5.01,137246.54,159580.18,0.54
Cerro Gordo,Mason City,52,5.02,490740.68,545582.9,0.5
Audubon,Exira,52,5.08,5498.33,7300.66,0.55
Wright,Belmond,52,5.15,18303.62,20596.35,0.47
Warren,Carlisle,52,5.17,22824.48,31440.37,0.7
Clayton,Marquette,52,5.18,3882.47,4488.32,0.91
Lee,West Point,52,5.18,8538.25,11829.74,0.47
Taylor,Lenox,52,5.18,9957.62,11816.12,0.62
Mahaska,Oskaloosa,52,5.28,190342.95,228171.52,0.55
Union,Creston,52,5.33,118941.57,140496.08,0.49
Warren,Indianola,52,5.34,223616.48,269273.68,0.63
Montgomery,Red Oak,52,5.47,70543.83,81936.09,0.32
Montgomery,Villisca,52,5.49,5981.0,7059.05,0.48
Wayne,Corydon,52,5.53,17986.7,25563.4,0.59
Lee,Donnellson,52,5.56,17068.29,19222.38,0.85
Jasper,Newton,52,5.56,222239.63,290411.24,0.17
Winnebago,Lake Mills,52,5.57,34638.42,43703.66,0.31
Audubon,Audubon,52,5.69,27262.63,37296.88,0.47
Cedar,West Branch,52,5.72,16587.45,19321.89,0.76
Muscatine,Muscatine,52,5.73,373749.99,409487.06,0.21
Cass,Griswold,52,5.88,9844.41,11269.24,-1.93
Grundy,Grundy Center,52,5.96,32035.89,36812.07,0.5
Jackson,Maquoketa,52,5.98,90973.32,109701.41,0.54
Sac,Sac City,52,6.03,24642.88,31692.94,0.69
Bremer,Sumner,52,6.06,25342.05,37188.0,0.57
Clinton,Clinton,52,6.11,318160.45,337427.29,0.4
Buchanan,Independence,52,6.3,133846.14,170264.41,0.1
Clay,Spencer,52,6.38,333541.07,389740.69,0.46
Bremer,Tripoli,52,6.4,6698.02,9124.04,0.75
Clarke,Osceola,52,6.41,93024.53,109321.57,0.58
Monona,Onawa,52,6.42,41433.18,49873.53,0.66
Buena Vista,Newell,52,6.45,2953.72,4310.35,-0.01
Butler,Parkersburg,52,6.49,15188.8,19682.09,0.15
Humboldt,Bode,21,6.54,3909.59,4292.8,0.53
Pocahontas,Laurens,52,6.57,11154.76,13602.59,0.46
Clayton,Monona,52,6.67,30419.82,36068.62,0.27
Benton,Vinton,52,6.67,55290.61,65238.54,0.65
Black Hawk,Cedar Falls,52,6.83,1100564.31,1914269.58,0.1
Appanoose,Centerville,52,6.92,130764.09,189081.9,0.45
Jackson,Lamotte,40,6.97,2726.61,3476.98,0.4
Fremont,Other,52,6.97,27205.07,32876.44,0.1
Decatur,Leon,52,7.01,38013.85,51387.61,0.47
Hardin,Iowa Falls,52,7.03,127775.02,135798.53,-0.25
Jefferson,Fairfield,52,7.04,140691.03,149702.18,0.55
Louisa,Morning Sun,52,7.08,6363.26,8366.62,0.52
Fayette,Clermont,52,7.09,6025.15,7540.82,0.39
Poweshiek,Grinnell,52,7.13,130339.29,152625.33,0.57
Clinton,Wheatland,52,7.21,8593.04,10052.48,0.35
Black Hawk,Laporte City,52,7.25,12561.43,14355.53,0.05
Polk,Urbandale,52,7.35,1252839.17,1409028.76,-0.96
Mitchell,Osage,52,7.4,60495.78,72963.08,0.37
Mills,Glenwood,52,7.46,72703.89,87349.9,0.01
Bremer,Denver,52,7.47,22641.16,25858.9,0.53
Scott,Walcott,52,7.48,91559.34,108502.22,-0.22
Buena Vista,Storm Lake,52,7.51,251417.04,312387.96,0.13
Crawford,Charter Oak,52,7.54,3548.32,4332.59,0.34
Page,Shenandoah,52,7.6,81793.19,92457.46,-0.15
Guthrie,Guthrie Center,52,7.61,25781.87,31205.42,0.09
Muscatine,Nichols,52,7.68,4219.24,5324.3,0.83
Bremer,Plainfield,52,7.69,5020.38,7230.36,-0.11
Kossuth,Bancroft,52,7.71,12575.92,16348.07,0.39
Hamilton,Stanhope,52,7.73,2157.94,2635.17,-1.03
Dickinson,Spirit Lake,52,7.76,240014.16,273850.28,0.85
Delaware,Manchester,52,7.8,145516.89,172591.22,0.48
Pottawattamie,Council Bluffs,52,7.81,1610012.89,1652703.24,-0.24
Marion,Knoxville,52,7.85,133265.36,144956.69,0.64
Fayette,West Union,52,7.86,45403.25,50819.83,0.1
Plymouth,Remsen,52,7.89,19763.83,22596.44,0.03
Cedar,Tipton,52,7.94,70154.07,81236.21,0.28
Black Hawk,Evansdale,52,7.98,37756.76,42441.05,0.46
Dickinson,Arnolds Park,52,7.99,60227.19,75783.44,0.96
Jefferson,Libertyville,51,8.0,2950.67,4464.91,0.17
Woodbury,Sioux City,52,8.0,2236273.8,2332582.29,-0.49
Worth,Grafton,52,8.01,1604.98,1766.72,0.45
Cerro Gordo,Clear Lake,52,8.07,174240.34,194112.53,0.77
Warren,Milo,52,8.09,7221.05,9376.77,0.23
Wayne,Lineville,44,8.1,3346.25,3626.06,0.45
Mitchell,St. Ansgar,52,8.16,22302.41,28347.73,0.54
Clinton,Camanche,52,8.21,15869.56,22522.85,0.21
Jackson,Preston,52,8.21,20750.57,25018.84,0.06
Polk,West Des Moines,52,8.22,1460044.49,1696322.6,-1.19
Howard,Cresco,52,8.23,97684.58,110861.82,-0.06
Hamilton,Williams,52,8.27,8182.18,10181.04,0.28
Cherokee,Cherokee,52,8.3,118540.71,146628.82,0.23
Tama,Traer,52,8.37,12093.08,14648.6,0.28
Plymouth,Lemars,52,8.43,261303.13,328094.69,0.05
Humboldt,Humboldt,52,8.45,106232.26,119918.66,0.21
O'Brien,Paullina,52,8.49,16711.46,22032.73,0.26
Van Buren,Keosauqua,52,8.52,25311.31,38215.02,0.51
Clinton,Dewitt,52,8.56,108341.3,121927.37,0.45
Butler,Clarksville,52,8.61,9066.95,10107.85,0.18
Calhoun,Rockwell City,52,8.62,29135.78,34897.96,0.41
Franklin,Hampton,52,8.63,79460.43,109846.43,0.19
Jones,Monticello,52,8.72,119933.1,153022.28,-1.0
Pottawattamie,Oakland,52,8.79,18867.41,22119.49,0.02
Marion,Pella,52,8.8,389038.97,453033.32,0.28
Buena Vista,Alta,52,8.82,16939.37,24439.48,-0.11
Linn,Fairfax,52,8.84,33928.14,42098.82,0.32
Madison,Winterset,52,8.86,144564.97,160115.12,0.25
Woodbury,Sloan,52,8.93,9182.74,10892.4,0.51
Wapello,Eldon,52,8.94,6139.83,7348.92,0.44
Warren,Norwalk,52,9.07,151389.63,178218.73,0.53
Scott,Eldridge,52,9.08,108649.22,127986.23,-0.07
Polk,Windsor Heights,52,9.14,144398.31,172392.7,0.07
Butler,Dumont,52,9.15,10943.74,14903.36,0.38
Chickasaw,Nashua,52,9.33,19723.48,30475.19,0.42
Polk,Ankeny,52,9.42,2003954.26,2252375.4,-0.12
Decatur,Lamoni,52,9.45,27729.28,33407.45,0.03
Hancock,Kanawha,51,9.46,12184.94,14380.5,-8.8
Muscatine,West Liberty,52,9.47,32841.7,41876.15,0.26
Story,Ames,52,9.51,1668733.97,1727156.01,-1.01
Harrison,Missouri Valley,52,9.57,57070.1,71852.89,-0.09
Hamilton,Ellsworth,52,9.62,18689.64,20412.91,0.17
Winnebago,Buffalo Center,52,9.62,18566.53,22939.38,-0.01
Worth,Manly,52,9.63,10165.63,12066.13,-0.03
Union,Afton,52,9.66,9119.02,11039.85,-1.33
Johnson,Iowa City,52,9.7,1418851.79,1636000.79,-0.76
Dallas,Perry,52,9.75,155178.64,176138.24,-0.13
Carroll,Carroll,52,9.78,452311.23,526140.9,-0.31
Boone,Boone,52,9.81,364992.84,450249.45,-0.11
Lyon,Lester,52,9.86,6564.81,9306.39,0.44
Jasper,Baxter,52,9.94,11660.34,13708.51,-0.41
O'Brien,Sanborn,52,10.0,28112.97,32731.08,-0.14
Johnson,Coralville,52,10.01,1523074.79,1744084.6,-0.28
Story,Story City,52,10.09,65535.17,85356.89,0.02
Johnson,Swisher,52,10.1,21237.1,26036.35,0.66
Henry,Mount Union,51,10.13,2736.85,3414.79,0.29
Crawford,Manilla,52,10.17,6538.3,8138.74,0.22
Cedar,Clarence,52,10.2,8879.2,10484.64,0.23
Monona,Whiting,52,10.21,2592.86,2764.72,-0.11
Poweshiek,Montezuma,52,10.23,45222.08,55470.94,-0.48
Washington,Wellman,52,10.24,22867.91,28255.65,0.03
Emmet,Estherville,52,10.25,125196.57,126522.82,-0.48
Crawford,Denison,52,10.26,183285.14,213645.9,0.22
Winneshiek,Decorah,52,10.29,373250.98,392541.62,0.03
Dickinson,Milford,52,10.29,80695.15,95899.66,0.73
Linn,Hiawatha,52,10.31,311077.55,360890.24,-0.86
Montgomery,Stanton,52,10.32,11620.77,13224.61,-1.32
Ida,Ida Grove,52,10.34,55988.07,66292.83,-0.28
Fayette,Fayette,52,10.42,7793.42,9491.29,0.39
Adair,Adair,52,10.43,20563.72,23907.87,-0.02
Dallas,Van Meter,52,10.43,12320.38,15193.72,0.85
Wapello,Ottumwa,52,10.45,698135.43,726722.77,-1.02
Cherokee,Aurelia,52,10.48,14109.48,18238.67,0.59
Louisa,Columbus Junction,52,10.48,24690.37,29398.14,-0.68
Polk,Polk City,52,10.49,49007.93,58571.19,0.53
Hamilton,Jewell Junction,40,10.52,10181.66,12077.57,-0.34
Greene,Jefferson,52,10.54,83060.83,92046.16,0.4
Linn,Springville,52,10.58,14553.13,16531.71,0.85
Grundy,Wellsburg,52,10.66,5373.7,6068.62,0.18
Pocahontas,Havelock,50,10.67,3771.38,4655.92,-1.02
Mahaska,Fremont,52,10.71,5323.84,6229.21,-0.75
Pottawattamie,Crescent,52,10.71,18021.45,22463.46,-0.62
Polk,Des Moines,52,10.86,8149552.28,8671607.19,-1.09
Tama,Toledo,52,10.86,67110.13,75807.83,0.41
Black Hawk,Gilbertville,52,10.94,3368.45,4409.55,-0.06
Jackson,Sabula,52,11.07,6632.93,8834.66,-0.55
Iowa,North English,52,11.1,13377.08,14722.56,-0.1
Adair,Greenfield,52,11.11,63070.44,73217.01,-1.43
Marion,Other,52,11.12,19275.05,23448.76,0.53
Humboldt,Dakota City,52,11.19,5453.78,7429.93,0.25
Webster,Fort Dodge,52,11.2,993997.52,1069421.45,-1.19
Sioux,Hawarden,52,11.2,43002.17,48009.26,0.26
Chickasaw,New Hampton,52,11.22,162367.75,205814.09,-0.14
Clay,Everly,51,11.26,5072.55,6583.43,-0.88
Muscatine,Wilton,52,11.29,69939.06,85899.0,0.24
Washington,Kalona,52,11.3,156014.92,189149.26,0.07
Pocahontas,Rolfe,52,11.35,4438.82,5564.04,-0.41
Benton,Shellsburg,52,11.36,13614.15,15518.14,0.27
Louisa,Wapello,52,11.39,28819.9,37003.48,-0.45
Guthrie,Panora,52,11.51,54465.24,62656.84,0.59
Adams,Corning,52,11.53,51303.64,70255.1,0.38
Monona,Soldier,47,11.58,2401.94,3093.33,-0.03
Crawford,Vail,52,11.65,3885.13,5980.7,-0.63
Dallas,Desoto,52,11.73,41525.85,53389.55,0.45
Tama,Tama,52,11.73,38321.39,42563.4,-0.55
Jasper,Monroe,52,11.74,29064.19,32803.87,-0.21
Dickinson,Lake Park,52,11.8,29456.8,40457.71,-0.12
Polk,Mitchellville,52,11.82,23394.31,42914.92,-0.16
Sioux,Ireton,52,11.82,12153.31,13372.97,-0.38
Lyon,George,52,11.84,22168.9,27203.16,-0.57
Harrison,Dunlap,52,11.88,29462.37,35045.43,-0.37
Allamakee,Lansing,52,11.89,50192.16,98534.28,-0.17
Fremont,Sidney,52,11.9,12600.95,15185.28,-0.11
Pocahontas,Fonda,52,11.93,3898.72,4840.61,0.41
Bremer,Janesville,52,11.96,14832.73,17684.5,-0.83
Winnebago,Thompson,52,11.99,16215.54,21214.18,-0.3
Story,Nevada,52,12.03,114627.36,130047.88,0.05
Jasper,Colfax,52,12.08,31086.42,36737.78,0.59
Dubuque,Cascade,52,12.15,63424.59,67710.65,-0.8
Cedar,Durant,52,12.16,39341.76,53684.22,0.02
Allamakee,Waukon,52,12.2,156694.54,184887.16,-0.31
Pottawattamie,Avoca,52,12.27,66464.14,79797.33,-0.5
Dallas,Woodward,52,12.28,11116.12,13183.73,0.12
Lucas,Chariton,52,12.28,128133.81,156434.94,-0.06
Taylor,Bedford,52,12.32,36107.88,39543.56,-1.55
Shelby,Harlan,52,12.36,158385.35,167773.33,-2.51
Scott,Princeton,52,12.36,5380.49,6577.11,0.61
Iowa,Marengo,52,12.4,45669.63,52277.74,-0.7
Lyon,Rock Rapids,52,12.56,82091.92,89820.26,-0.24
Carroll,Coon Rapids,52,12.59,30998.53,34478.93,-1.34
Winneshiek,Calmar,52,12.65,30019.75,36898.82,0.2
Hamilton,Webster City,52,12.71,181216.21,210005.81,-0.42
Johnson,North Liberty,52,12.77,366881.6,419505.72,-1.55
Kossuth,Algona,52,12.8,277468.16,283952.76,-0.6
O'Brien,Sheldon,52,12.8,198831.79,216881.75,-0.91
Kossuth,Whittemore,52,12.84,4429.83,5346.3,0.4
Jasper,Kellogg,52,12.93,7126.33,8828.47,0.41
Buena Vista,Albert City,52,12.93,5681.57,7361.08,-0.17
Des Moines,Mediapolis,52,12.95,51922.11,63177.11,-0.54
Story,Maxwell,52,12.96,8935.51,11441.45,-0.02
Osceola,Sibley,52,12.98,99266.37,115655.08,-0.9
Plymouth,Kingsley,52,13.01,25403.94,30245.72,-0.4
Cedar,Stanwood,52,13.05,5847.68,7726.65,0.23
Keokuk,Keota,52,13.08,16337.99,17438.08,-0.95
Hancock,Klemme,52,13.09,2516.83,2840.03,0.46
Calhoun,Manson,52,13.18,46157.68,51388.58,-1.87
Wright,Eagle Grove,52,13.2,84528.12,105065.5,-0.56
Polk,Pleasant Hill,52,13.24,213966.11,265590.15,-0.42
Palo Alto,West Bend,52,13.28,27676.09,35176.21,-0.58
Calhoun,Lake City,52,13.32,34908.69,39767.14,-0.32
Hardin,Ackley,52,13.33,18796.81,20772.93,-0.83
Pottawattamie,Minden,52,13.34,8291.59,9317.53,-0.19
Plymouth,Hinton,52,13.49,21437.47,25058.42,0.42
Dallas,Waukee,52,13.49,923556.63,1053543.69,-0.59
Benton,Urbana,52,13.5,46085.96,49510.12,-0.48
Shelby,Irwin,52,13.5,9125.04,10488.94,-0.06
Mahaska,New Sharon,52,13.55,21625.28,29098.92,-0.21
Clayton,Strawberry Point,52,13.6,41282.71,54702.15,0.39
Humboldt,Livermore,52,13.61,3152.01,3813.92,0.32
Linn,Mount Vernon,52,13.61,99711.97,126113.13,-0.69
Van Buren,Farmington,52,13.81,7125.7,7588.93,-1.6
Franklin,Latimer,52,13.9,11698.54,15902.57,0.04
Webster,Lehigh,52,13.92,4284.3,4982.0,-0.32
Cass,Massena,52,13.93,17973.92,22966.37,-0.22
Sac,Schaller,52,13.98,12708.28,14951.71,-2.14
Taylor,Clearfield,52,14.03,3440.06,4090.06,-0.5
Kossuth,Titonka,52,14.11,10170.67,12909.6,-1.05
Clinton,Delmar,52,14.16,10678.48,13918.95,-0.68
Poweshiek,Brooklyn,52,14.16,99171.36,109459.54,-1.8
Butler,Greene,52,14.23,18985.06,23679.06,0.3
Carroll,Breda,52,14.26,34465.16,42753.31,0.17
Polk,Elkhart,52,14.3,17350.53,21658.37,0.07
Lyon,Inwood,52,14.33,28691.54,34375.0,-0.4
Palo Alto,Emmetsburg,52,14.35,116632.31,139610.27,-0.67
Keokuk,What Cheer,52,14.38,5669.34,7891.51,-1.11
Marshall,Albion,52,14.42,6883.15,7783.81,-0.48
Sioux,Sioux Center,52,14.42,513889.08,537903.32,-1.79
Clayton,Garnavillo,52,14.51,13811.26,17042.79,-0.06
Carroll,Glidden,52,14.57,18754.26,22140.87,-2.06
Dubuque,Holy Cross,52,14.59,8499.73,10889.1,-0.24
Benton,Atkins,52,14.69,43468.94,51817.19,0.12
Emmet,Armstrong,52,14.76,20890.6,30219.48,-0.38
Ida,Holstein,52,14.82,29264.19,36755.73,-2.48
Mills,Pacific Junction,52,14.85,32319.63,44852.9,0.07
Hancock,Britt,52,14.98,53917.48,66344.28,-0.4
Warren,New Virginia,52,15.0,11072.42,11792.68,-1.24
Linn,Ely,52,15.0,25429.46,29109.01,-0.68
Black Hawk,Hudson,52,15.01,52217.0,62043.13,-1.65
Jackson,Bellevue,52,15.04,70983.17,85265.32,-0.68
Linn,Central City,52,15.11,26542.12,33049.48,0.08
Davis,Bloomfield,52,15.12,276711.07,359349.48,-0.29
Cherokee,Marcus,52,15.26,94083.26,126663.93,-0.33
Marshall,Legrand,40,15.33,3568.67,4229.2,-0.53
Poweshiek,Victor,34,15.39,7034.09,7784.98,-1.51
Sioux,Boyden,52,15.47,12407.91,16039.77,0.0
Story,Kelley,52,15.55,5049.06,6607.01,-1.08
Worth,Northwood,52,15.61,82415.02,102259.45,-0.77
Lee,Montrose,52,15.63,8853.19,9493.65,0.32
Sioux,Hull,52,15.63,115415.5,138740.61,-0.32
Henry,Salem,52,15.65,6803.8,8117.77,0.19
Hamilton,Stratford,52,15.67,12851.73,16911.4,0.28
Floyd,Rockford,52,15.73,7712.11,10169.03,-1.39
Benton,Belle Plaine,52,15.75,50636.82,58592.21,-1.09
Mitchell,Riceville,52,15.83,15175.88,17323.43,-0.14
Wright,Goldfield,52,15.89,20385.78,25608.47,-0.16
Kossuth,West Bend,52,15.91,16440.85,20616.19,-0.89
Benton,Newhall,52,15.97,15665.62,17397.67,-1.23
Winnebago,Forest City,52,15.99,112208.29,132124.71,-0.7
Johnson,Other,52,16.08,59912.41,79265.9,0.35
Henry,Mount Pleasant,52,16.18,521068.48,678325.15,-0.62
Clayton,Guttenberg,52,16.36,73267.53,83309.0,-0.33
Fremont,Tabor,52,16.36,11839.25,12791.21,-1.41
Lyon,Doon,52,16.37,33107.63,39750.72,0.25
Jasper,Sully,52,16.38,52262.09,61662.48,-0.65
Sac,Early,52,16.39,11509.21,20020.71,-0.44
Floyd,Nora Springs,52,16.44,15325.58,16936.07,0.15
Tama,Gladbrook,52,16.53,24805.22,35505.35,-0.24
Monroe,Albia,52,16.56,130864.75,158429.17,-0.41
Woodbury,Correctionville,52,16.6,26815.03,29067.19,-1.24
Buchanan,Fairbank,52,16.61,36896.35,41132.26,-0.15
Chickasaw,Lawler,52,16.68,19703.8,26568.09,-0.03
Jefferson,Batavia,52,16.7,80765.75,88629.05,-1.31
Butler,New Hartford,52,16.73,8421.49,10743.11,-0.75
Sac,Wall Lake,52,16.79,32733.0,40352.12,-1.26
Clinton,Low Moor,51,16.79,6453.07,7995.15,0.15
Plymouth,Merrill,52,16.81,11888.74,15504.51,-0.43
Marshall,Melbourne,52,16.81,5170.88,6248.44,-0.68
Jackson,St. Donatus,36,16.89,4350.42,5412.56,-1.51
Dubuque,Sherrill,52,16.92,9161.47,10187.35,-0.55
Harrison,Modale,50,16.93,1592.74,2067.76,-0.83
Buchanan,Quasqueton,48,16.93,5598.22,6696.36,-3.15
Keokuk,Sigourney,52,16.95,74945.5,84483.98,0.41
Fayette,Wadena,52,16.96,2715.34,3297.69,-2.26
Guthrie,Bayard,52,16.98,10989.47,12583.96,-2.55
Allamakee,Postville,52,17.05,49723.24,55191.36,-1.01
O'Brien,Sutherland,52,17.08,16677.42,19584.27,0.31
Clayton,Other,52,17.12,32382.14,38498.2,0.3
Pottawattamie,Neola,52,17.12,21345.67,26039.64,0.27
Clayton,Edgewood,52,17.14,64344.24,80668.14,0.21
Warren,Hartford,52,17.24,7801.54,9635.61,0.12
Henry,New London,52,17.29,26425.46,30108.06,0.26
Fayette,Maynard,52,17.33,6314.57,8234.68,0.02
Greene,Scranton,52,17.38,15696.38,17080.84,-0.65
Clarke,Murray,52,17.46,9978.47,12651.96,-0.01
Kossuth,Fenton,52,17.48,2645.98,3144.3,0.01
Scott,Blue Grass,52,17.54,54442.74,62184.64,-1.84
Adair,Fontanelle,52,17.55,10955.48,13199.41,-0.77
Story,Gilbert,52,17.56,14556.92,16011.8,-0.21
Linn,Lisbon,52,17.62,46952.47,56006.67,-1.09
O'Brien,Hartley,52,17.63,40458.18,47909.04,-0.58
Howard,Riceville,52,17.64,20016.46,22652.18,0.32
Buena Vista,Linn Grove,52,17.66,2115.37,2502.04,-0.9
Iowa,Victor,52,17.7,18591.12,21074.11,0.14
Linn,Coggon,52,17.73,14132.71,16836.58,-0.16
Shelby,Elk Horn,52,17.74,10099.09,12065.64,-12.32
Kossuth,Swea City,52,17.78,8700.02,9298.2,-0.64
Muscatine,Conesville,19,17.81,1452.44,1793.81,-0.69
Howard,Lime Springs,52,17.81,16528.33,18881.45,-0.55
Sioux,Rock Valley,52,17.83,264437.35,362157.59,-0.5
Tama,Dysart,52,17.85,25701.59,27637.87,-2.07
Grundy,Conrad,52,17.88,32672.48,35692.2,-3.64
Humboldt,Gilmore City,39,17.97,4148.71,5289.62,-1.86
Woodbury,Moville,52,18.05,34279.06,39691.2,0.05
Woodbury,Lawton,52,18.07,37479.34,42958.05,-1.0
Sioux,Hospers,52,18.15,28244.66,35282.09,-1.74
Howard,Chester,52,18.18,10253.7,11922.67,-0.65
Clinton,Goose Lake,52,18.25,5477.89,7140.58,-0.64
Clayton,Elkader,52,18.31,174975.36,240482.71,-0.62
Calhoun,Pomeroy,52,18.31,8912.75,11039.24,-0.12
Cass,Anita,52,18.32,33276.17,38870.88,-0.81
Scott,Donahue,52,18.39,7581.64,10906.44,0.13
Winneshiek,Fort Atkinson,52,18.41,16163.91,18761.93,0.23
Howard,Protivin,52,18.44,14085.57,18183.16,0.31
Chickasaw,Ionia,52,18.44,11014.58,13714.46,0.81
Lyon,Little Rock,52,18.48,5403.11,7264.07,-0.16
Hardin,Union,52,18.52,12333.83,14286.95,-1.48
Marion,Pleasantville,52,18.57,29352.02,30857.36,-0.13
Buchanan,Jesup,52,18.71,69711.13,84254.74,0.23
Black Hawk,Dunkerton,52,18.79,28971.95,32320.68,0.17
Story,Roland,52,18.82,17861.59,21763.48,-0.45
Hardin,New Providence,44,18.82,2785.07,3631.0,0.34
Polk,Johnston,52,18.87,704174.01,737393.45,-3.17
Adair,Orient,52,18.95,5189.34,5817.91,-0.33
Wayne,Allerton,52,18.96,3408.85,4361.12,0.3
Floyd,Charles City,52,18.96,394493.7,422877.64,-0.67
Wright,Clarion,52,19.04,92293.29,97444.01,-5.58
Benton,Blairstown,52,19.06,35386.57,38979.74,-3.14
Fayette,Oelwein,52,19.09,187665.51,205265.55,0.14
Jackson,Other,52,19.09,22629.8,26854.82,-1.55
Page,Coin,50,19.15,1838.77,3011.33,-0.04
Story,Huxley,52,19.36,80441.3,94497.47,-2.25
Van Buren,Other,52,19.4,16827.51,21277.4,0.2
Davis,Pulaski,52,19.59,6926.8,8255.67,0.05
Cass,Cumberland,52,19.61,3316.2,4089.26,-0.64
Appanoose,Moulton,52,19.61,4053.18,5111.32,-1.05
Guthrie,Casey,52,19.73,7770.03,9678.47,-0.26
Sac,Lake View,52,19.76,53287.48,60040.88,-0.42
Dallas,West Des Moines,52,19.77,2964543.9,3156061.3,-1.52
Carroll,Templeton,52,19.86,16757.51,20982.57,-0.33
Harrison,Persia,47,19.92,1758.24,2030.94,-1.85
Van Buren,Bonaparte,52,19.93,7463.29,8409.27,0.39
Kossuth,Luverne,40,20.02,4494.98,4794.92,0.46
Winneshiek,Ridgeway,52,20.05,46834.24,62104.32,-0.4
Dubuque,Durango,52,20.07,7631.79,10934.29,0.23
Keokuk,Hedrick,52,20.08,22674.92,25448.98,-3.38
Clinton,Lost Nation,52,20.09,6483.23,8807.04,-0.17
Marshall,State Center,52,20.1,31729.5,34211.15,-2.53
Scott,Bettendorf,52,20.13,1485585.24,1525505.7,-4.59
Clay,Royal,52,20.18,1834.79,2160.11,-0.25
Madison,St. Charles,40,20.22,17206.99,23173.44,-0.42
Webster,Gowrie,52,20.27,29267.03,31017.89,-6.78
Osceola,Other,52,20.27,8434.27,10377.84,0.22
Dubuque,Luxemburg,17,20.29,3901.37,5061.31,-0.93
Hardin,Alden,52,20.37,36784.68,41712.18,-0.15
Benton,Garrison,51,20.39,5589.43,7140.18,0.16
Jones,Wyoming,52,20.52,16845.19,17637.2,-4.02
Dubuque,Farley,52,20.59,46267.54,52324.81,0.23
Fremont,Hamburg,52,20.74,28461.68,30559.69,-14.01
Woodbury,Anthon,52,20.77,14081.53,18100.39,-0.31
Marshall,Laurel,50,20.8,7593.16,9041.44,-3.35
Page,Essex,52,20.85,11934.95,12955.48,-2.68
Johnson,Lone Tree,52,20.88,11866.59,12921.03,-0.73
Hardin,Eldora,52,20.92,83042.1,86465.25,-3.98
Hamilton,Kamrar,22,20.94,4930.5,5690.22,-2.5
Wapello,Blakesburg,52,20.97,2735.18,3363.15,-0.16
Buchanan,Winthrop,52,20.97,28429.29,32273.78,-1.18
Scott,Buffalo,52,21.21,34625.34,48891.93,-0.82
Linn,Marion,52,21.24,1437760.08,1582921.44,-5.45
Pottawattamie,Mcclelland,14,21.24,1126.09,1162.29,-0.69
Jackson,Miles,52,21.35,9205.77,10229.57,-1.31
Fayette,Hawkeye,52,21.37,17358.41,21775.5,0.4
Webster,Badger,52,21.48,4363.86,5787.41,-0.87
Crawford,Dow City,52,21.64,5714.42,7201.15,-0.16
Grundy,Holland,44,21.68,12615.56,14395.82,-0.28
Calhoun,Lohrville,52,21.71,14400.65,22207.76,0.25
Black Hawk,Raymond,52,21.79,20239.22,26100.02,0.14
Polk,Clive,52,21.79,1831316.55,1867558.2,-8.82
Scott,Leclaire,52,21.85,115250.9,155474.66,-0.51
Bremer,Readlyn,52,21.88,19741.75,21740.37,-2.88
Dickinson,Terril,51,21.92,3696.37,4008.37,-0.3
Cedar,Mechanicsville,52,21.96,12566.03,14872.08,0.01
Linn,Center Point,52,21.97,65270.15,67139.46,0.17
Polk,Bondurant,52,21.99,181014.8,200250.59,-2.02
Butler,Allison,52,22.08,39557.96,41453.41,-6.27
Lee,Fort Madison,52,22.1,649071.17,686411.68,-5.29
Scott,Mccausland,40,22.11,4502.07,4861.53,-1.19
Jefferson,Packwood,50,22.18,1348.5,1692.42,-2.86
Van Buren,Cantril,52,22.28,53357.49,56828.0,-5.38
Iowa,Ladora,48,22.37,1498.34,1925.63,-1.21
Palo Alto,Ruthven,52,22.4,9894.44,11510.29,0.16
Hancock,Garner,52,22.42,383420.38,416564.5,-8.95
Dickinson,Okoboji,52,22.47,172687.67,205019.03,0.89
Harrison,Logan,52,22.52,47105.08,54157.79,-1.72
Story,Colo,52,22.54,18219.21,21720.52,0.1
Montgomery,Other,52,22.56,3758.17,4591.53,-0.69
Dallas,Bouton,45,22.58,193774.36,402638.56,-0.28
Sioux,Maurice,52,22.68,18480.09,20701.36,-2.45
Emmet,Ringsted,52,22.74,5059.22,5953.67,-1.24
O'Brien,Primghar,52,22.91,23511.81,26447.47,-1.29
Buchanan,Brandon,52,23.05,2773.78,3696.04,-0.12
Kossuth,Ledyard,47,23.12,3215.28,4650.13,-0.3
Poweshiek,Malcom,52,23.22,4202.58,5253.21,-1.07
Cherokee,Meriden,32,23.26,5885.12,7200.58,-4.71
Shelby,Defiance,52,23.34,9148.74,10055.89,-0.11
Jasper,Prairie City,52,23.39,46904.1,49403.06,-1.8
Cerro Gordo,Thornton,52,23.46,8013.35,9219.15,-0.8
Clayton,Luana,52,23.54,6584.76,7647.89,-0.99
Madison,Earlham,52,23.56,50581.97,59111.48,-0.45
Pottawattamie,Underwood,52,23.56,25975.51,29219.55,-6.31
Carroll,Manning,52,23.6,86428.09,93678.01,-3.2
Story,Slater,52,23.72,33463.92,42593.98,-0.67
Warren,West Des Moines,15,23.77,23090.46,24336.21,-0.26
Mitchell,Stacyville,52,23.8,17519.89,18848.88,-6.28
Decatur,Grand River,37,23.81,786.76,1520.75,-0.23
Johnson,Hills,52,23.9,25751.34,30058.89,-1.17
Hardin,Hubbard,52,23.92,78460.82,97074.95,-0.51
Cerro Gordo,Rockwell,52,23.95,17931.4,21798.08,-4.62
Cass,Wiota,52,23.99,3455.98,3800.74,-0.28
Ida,Galva,50,24.0,6914.45,7598.9,-1.28
Osceola,Ocheyedan,52,24.02,33810.83,41276.59,-0.1
Hamilton,Other,52,24.03,37906.02,47769.39,-1.83
Mills,Malvern,52,24.06,37770.23,41876.22,-2.06
Ringgold,Redding,38,24.1,5436.9,6590.64,0.54
Des Moines,Danville,52,24.11,11547.41,13806.82,-1.31
Johnson,Oxford,52,24.13,39826.07,61127.07,-0.15
Wapello,Agency,52,24.13,8553.86,10633.93,-1.6
Humboldt,Ottosen,14,24.22,3622.24,3864.13,-10.06
Greene,Paton,52,24.23,20652.17,30645.63,-0.96
Boone,Madrid,52,24.23,63107.03,67724.22,0.27
Palo Alto,Mallard,52,24.39,6748.14,7943.0,0.13
Marion,Bussey,51,24.44,4998.74,5935.99,-1.49
Davis,Drakesville,52,24.45,16666.69,19405.52,-1.15
Appanoose,Moravia,52,24.52,35876.86,43882.62,0.37
Winnebago,Rake,45,24.56,3367.01,4770.44,-0.52
Iowa,Williamsburg,52,24.71,288309.8,369270.13,0.04
Sioux,Alton,52,24.77,36826.51,44927.48,-5.06
Pottawattamie,Walnut,52,24.79,21126.49,26299.1,-2.54
Polk,Grimes,52,24.81,1992861.94,2143915.64,-2.82
Dallas,Adel,52,24.88,271521.51,322991.84,0.09
Washington,Other,52,24.93,18941.73,28440.33,-0.71
Plymouth,Westfield,52,25.19,4020.38,4642.99,-1.19
Shelby,Other,52,25.22,13633.0,17295.93,-1.76
Floyd,Floyd,52,25.31,68138.17,74667.34,-4.23
Shelby,Earling,52,25.33,3676.21,4564.62,0.48
Mahaska,Leighton,51,25.39,5232.87,5965.69,-0.3
Webster,Dayton,52,25.43,18670.42,21326.46,0.38
Harrison,Other,52,25.47,2967.75,3661.75,-0.46
Guthrie,Yale,52,25.5,5325.48,5999.77,-0.43
Webster,Clare,52,25.54,2876.02,4347.12,-0.19
Henry,Winfield,52,25.61,24055.24,29245.2,-1.9
Tama,Chelsea,52,25.73,7365.19,8486.96,-1.88
Jasper,Lynnville,52,26.01,17833.45,23173.04,-0.41
Iowa,Parnell,52,26.13,8816.51,11005.84,-0.77
Delaware,Colesburg,52,26.15,15752.11,17598.72,-2.58
Sioux,Granville,52,26.17,12196.54,14265.08,-0.12
Woodbury,Danbury,52,26.24,15665.41,17167.06,-3.04
Benton,Van Horne,52,26.25,13179.23,15480.73,-1.13
Winneshiek,Spillville,52,26.36,9117.1,9498.23,-1.79
Webster,Harcourt,41,26.47,24771.44,30801.18,-3.19
Scott,Long Grove,52,26.66,17230.03,22511.09,-0.05
Floyd,Rudd,52,26.72,3486.44,4247.8,0.25
Jefferson,Lockridge,52,26.72,2826.78,3522.44,0.58
Wayne,Seymour,52,26.75,52082.99,57039.24,-1.66
Marshall,Other,52,26.98,47490.1,72981.26,-0.23
Dubuque,Epworth,52,27.01,29435.77,34835.22,-0.66
Dallas,Clive,52,27.05,267402.55,458267.99,-0.26
Cerro Gordo,Swaledale,47,27.06,10714.96,13202.67,-3.18
Humboldt,Renwick,52,27.32,7088.47,9616.32,0.26
Hancock,Corwith,50,27.35,8844.84,12051.8,-0.5
Buena Vista,Sioux Rapids,52,27.4,45635.98,53788.47,-2.12
Harrison,Pisgah,51,27.49,3102.35,3663.07,-0.47
Keokuk,Harper,52,27.51,4356.31,4805.34,0.04
Woodbury,Sergeant Bluff,52,27.56,191101.54,205762.6,-8.69
Clinton,Grand Mound,52,27.97,19314.0,20612.09,-7.95
Pottawattamie,Carson,52,28.0,15157.98,17761.65,-1.73
Winneshiek,Ossian,52,28.08,50554.51,56097.25,-1.24
Fayette,Waucoma,52,28.2,21808.26,23432.06,-3.99
Worth,Fertile,52,28.31,8185.91,10349.06,-1.33
Kossuth,Wesley,52,28.52,28548.32,30956.28,-3.55
Johnson,Solon,52,28.61,200275.7,209434.54,-3.34
Buena Vista,Rembrandt,31,28.65,2604.59,3048.06,-1.01
Kossuth,Lone Rock,52,28.7,2771.81,3179.36,0.37
Henry,Wayland,52,28.86,22053.85,26893.06,-0.05
Buena Vista,Marathon,47,28.87,5347.21,7234.93,-0.58
Keokuk,South English,48,28.96,2842.04,3462.77,0.16
Dallas,Dallas Center,52,29.13,79475.79,89620.66,-2.95
Calhoun,Farnhamville,52,29.23,4706.25,5539.19,-1.8
Dubuque,Asbury,43,29.4,41249.52,58287.91,-0.87
Poweshiek,Deep River,52,29.53,2705.16,3214.79,-0.13
Adair,Bridgewater,52,29.6,2855.3,3491.21,0.03
Ringgold,Kellerton,24,29.83,3362.76,4028.7,-2.83
Benton,Other,52,30.07,13311.43,18418.14,-0.18
Dubuque,New Vienna,52,30.47,50657.72,53027.14,-2.15
Fremont,Randolph,16,30.84,1068.92,1572.52,-10.8
Fayette,Arlington,52,31.05,5430.45,5588.04,-1.66
Sac,Odebolt,52,31.06,69600.37,74407.42,-5.05
Davis,Other,51,31.25,8732.2,11440.18,0.08
Crawford,Westside,52,31.28,12159.14,13569.53,-3.78
Kossuth,Burt,52,31.31,11383.12,13437.46,-0.48
Franklin,Ackley,52,31.33,36238.08,43219.63,0.08
Van Buren,Milton,52,31.38,16700.46,20773.27,-0.48
Allamakee,Harpers Ferry,52,31.39,12562.57,13321.17,-1.0
Linn,Robins,52,31.59,92321.42,102150.61,-0.89
Shelby,Panama,52,31.69,16679.36,19006.89,0.07
Louisa,Letts,42,31.75,10351.13,12477.83,-2.68
Taylor,New Market,35,31.75,6617.8,9040.6,-1.08
Emmet,Wallingford,52,31.85,3510.68,3949.13,-0.02
Mills,Hastings,28,32.0,8853.63,11469.92,-0.69
Audubon,Other,52,32.12,19073.41,29327.82,-0.27
Cherokee,Quimby,52,32.14,9740.83,12029.35,-1.28
Grundy,Reinbeck,52,32.16,120036.27,155630.31,-1.01
Carroll,Arcadia,52,32.19,38416.75,40604.16,-3.74
Mitchell,Orchard,52,32.22,9281.7,10776.55,-0.29
Story,Zearing,52,32.26,10755.7,12292.13,-2.58
Des Moines,Middletown,26,32.27,21442.34,22498.22,-32.13
Plymouth,Sioux City,37,32.32,26007.19,32213.98,-0.67
Pottawattamie,Hancock,52,32.48,7857.49,8755.73,-4.33
Black Hawk,Janesville,52,32.55,11620.63,13767.13,-0.25
Woodbury,Pierson,50,32.74,6922.92,7449.6,-5.72
Decatur,Decatur City,49,32.9,13336.23,15774.93,-1.74
Keokuk,Ollie,52,32.9,9231.47,12763.76,-0.81
Washington,Riverside,52,32.94,177304.62,190370.14,-3.98
Tama,Elberon,49,33.19,3995.51,4536.39,-0.01
Lee,Other,52,33.52,50629.44,54469.91,-11.84
Sioux,Sheldon,52,33.88,5215.03,6169.62,0.22
Keokuk,Richland,52,33.99,17358.87,18689.86,-5.47
Lucas,Lucas,52,34.29,9977.8,10507.52,0.21
Grundy,Beaman,46,34.33,3127.77,4054.77,-1.36
O'Brien,Other,52,34.36,10110.82,13227.13,-0.11
Grundy,Dike,52,34.44,44006.39,45523.25,-5.44
Chickasaw,Alta Vista,52,34.65,8995.69,13870.59,0.26
Crawford,Kiron,52,34.7,22100.11,26000.66,-0.94
Dallas,Minburn,52,34.76,10443.35,12286.31,-4.19
Jasper,Mingo,52,34.97,6448.46,7966.69,-1.91
Webster,Moorland,34,35.33,4319.0,6626.0,-0.97
Crawford,Schleswig,52,35.41,14832.91,17264.35,-0.44
Appanoose,Cincinnati,52,35.48,10264.01,12553.65,-0.14
Ringgold,Mount Ayr,52,35.75,136429.67,154301.65,-17.11
Dubuque,Peosta,52,35.9,230691.87,248136.92,-3.34
Clinton,Calamus,52,36.04,16902.49,18599.34,-4.09
Dallas,Redfield,52,36.17,33677.61,36702.76,-2.85
Guthrie,Stuart,52,36.42,93535.25,120373.61,-0.84
Ida,Battle Creek,52,36.57,19716.34,20951.16,-5.84
Washington,Ainsworth,52,36.64,19851.18,27313.23,-8.09
Montgomery,Elliott,22,37.3,1158.62,1627.2,-7.4
Lucas,Russell,52,37.35,6029.96,8306.38,-0.48
Sac,Auburn,52,37.39,8640.83,9268.7,-12.2
Clay,Webb,51,37.79,2565.0,3199.3,-0.75
Sac,Lytton,43,37.98,5824.35,7236.91,0.23
Tama,Garwin,52,38.02,7318.16,8040.12,-4.04
Franklin,Sheffield,52,38.18,73308.35,84851.64,0.24
Sioux,Orange City,52,38.27,1032573.94,1131799.5,-5.03
Delaware,Dyersville,52,38.35,73551.98,103449.29,-0.79
Lee,Houghton,52,38.35,65471.81,70010.98,-7.31
Howard,Elma,52,38.61,79970.89,91208.26,-2.32
Warren,Cumming,52,38.91,95063.95,107593.32,-0.4
Chickasaw,Fredericksburg,52,39.01,80325.09,98217.77,-1.86
Benton,Norway,52,39.04,12836.12,13638.57,-1.42
Johnson,Tiffin,52,39.08,209696.17,218593.08,-9.89
Clay,Dickens,44,39.18,23911.27,29613.86,-5.6
Union,Lorimor,32,39.47,6841.74,7191.0,-12.99
Story,Collins,52,39.51,10762.2,14364.57,-1.16
Jackson,Andrew,27,39.93,4833.27,5933.16,-0.42
Winnebago,Leland,52,40.16,7705.98,9107.63,-0.32
Plymouth,Akron,52,40.24,77065.44,84447.03,-1.96
Hancock,Other,52,40.64,8023.13,11567.98,0.27
Muscatine,Durant,33,40.73,14120.21,21239.84,-0.6
Crawford,Other,52,40.75,26842.61,30070.66,-2.11
Mitchell,Other,52,40.8,17138.55,21342.88,0.01
Greene,Churdan,50,40.98,6331.95,6865.12,-3.64
Decatur,Weldon,22,41.02,4638.41,6177.85,-6.73
Shelby,Portsmouth,52,41.11,10808.23,13423.34,-0.43
Linn,Alburnett,52,41.16,34200.35,36033.96,-6.78
Worth,Kensett,52,41.32,62394.68,71398.45,-3.64
Cedar,Lowden,52,41.34,49222.27,87176.05,0.07
Buchanan,Hazleton,52,41.39,66749.96,72752.7,-3.93
Van Buren,Birmingham,52,41.48,9758.82,10919.22,0.22
Shelby,Shelby,52,41.52,5810.48,6137.96,-12.11
Jones,Oxford Junction,52,41.87,5748.01,6260.48,-2.31
Clay,Greenville,33,42.14,4107.55,4954.93,-2.23
Hancock,Crystal Lake,34,42.43,2231.02,2724.17,-0.81
Winneshiek,Castalia,21,42.53,2801.62,4442.85,-0.44
Kossuth,Other,52,42.6,28453.72,34318.85,-1.49
Fremont,Farragut,52,42.74,6733.45,7260.29,-4.09
Mahaska,Other,52,42.83,21344.39,26597.02,-0.67
Delaware,Edgewood,50,43.26,66224.59,72848.49,-1.37
Delaware,Greeley,51,43.35,9093.92,10580.65,-2.35
Lyon,Alvord,50,43.57,29071.3,44686.22,-0.76
Cerro Gordo,Plymouth,52,43.64,5595.71,5856.76,-4.47
Hardin,Steamboat Rock,52,43.71,12775.77,15398.77,-1.83
Pocahontas,Palmer,43,44.01,25000.4,27525.72,-11.16
Buchanan,Lamont,52,44.12,8308.33,9378.98,0.05
Black Hawk,Elk Run Heights,52,44.13,130509.54,150832.51,-1.36
Lyon,Larchwood,52,44.25,188825.94,200170.97,-12.89
Madison,Other,52,44.33,128215.48,142327.14,-3.42
Cass,Marne,23,44.34,11664.63,13685.43,-42.84
Washington,Brighton,52,44.41,66908.38,87114.03,-1.14
Clayton,St. Olaf,31,44.46,5001.77,5449.0,-5.82
Iowa,Millersburg,20,44.51,9255.7,10003.08,-3.11
Polk,Granger,12,44.55,39010.39,41801.53,-0.53
Pottawattamie,Treynor,52,44.64,37328.34,39515.95,-6.27
Jones,Olin,52,44.7,28689.82,30894.11,-4.27
Appanoose,Mystic,18,45.01,2053.02,2437.76,-0.9
Audubon,Brayton,13,45.18,1342.77,1543.22,-88.39
Benton,Walford,52,45.56,30308.71,36650.49,-1.69
Keokuk,Other,52,45.67,15684.73,18641.6,0.13
Worth,Hanlontown,24,46.57,2910.6,4230.82,-0.46
Monona,Other,52,46.66,15451.0,17848.6,-1.13
Tama,Montour,27,46.68,20334.42,22203.95,-2.11
Marshall,Rhodes,49,46.72,19887.24,32750.97,-0.61
Decatur,Garden Grove,28,46.78,8703.55,10027.05,-2.18
Marshall,Gilman,52,46.97,12539.15,14319.46,-2.04
Jones,Martelle,52,46.98,9917.37,11948.59,0.08
Carroll,Dedham,52,47.13,12849.2,14522.51,-2.8
Fayette,Elgin,52,47.14,69195.49,82914.46,-3.06
Pottawattamie,Carter Lake,52,47.72,144373.31,177615.85,-9.37
Dubuque,Worthington,52,48.11,57762.82,63196.22,-0.14
Allamakee,New Albin,52,48.17,9054.98,10902.09,-1.21
Hancock,Woden,34,48.21,2765.93,3603.82,-0.98
Monona,Moorhead,50,48.21,2706.62,3420.54,-0.83
Delaware,Earlville,52,49.03,13731.29,14712.44,-0.15
Floyd,Other,52,49.3,20286.59,23187.71,-0.43
Story,Cambridge,52,49.36,33048.87,44531.93,0.39
Dallas,Granger,52,49.72,60040.11,67948.16,0.1
Warren,Martensdale,45,49.87,17757.55,18205.67,-32.69
Cedar,Other,52,50.26,73822.51,81434.27,-4.19
Carroll,Halbur,52,50.41,19462.39,22203.33,-1.64
Butler,Bristow,28,51.0,2263.61,2815.18,-0.9
Dallas,Other,52,51.68,164589.67,192798.87,-2.94
Osceola,Harris,37,52.02,8477.31,12488.96,-0.77
Poweshiek,Other,52,52.34,21315.14,24838.95,-1.4
Lee,St. Paul,29,52.39,16022.41,17907.63,-9.88
Fremont,Riverton,19,52.72,3371.35,4153.26,-0.15
Marion,Melcher-Dallas,36,52.99,40482.48,41936.85,-12.42
Dallas,Dexter,52,53.45,38518.37,46582.75,-0.17
Benton,Keystone,51,54.1,29930.3,33521.49,-0.08
Tama,Clutier,40,54.15,5588.88,6074.9,-5.24
Dallas,Urbandale,52,54.27,178662.52,216259.62,-2.22
Floyd,Marble Rock,52,54.33,38984.55,39814.23,-14.28
Franklin,Other,52,54.36,22640.45,23833.88,-7.28
Keokuk,Keswick,51,54.46,10921.17,12916.89,-3.71
Butler,Aplington,52,54.87,85966.65,89095.71,-8.81
Harrison,Mondamin,52,54.93,9769.08,10412.18,-7.55
Fayette,Other,52,54.98,46089.84,50860.46,-0.02
Franklin,Geneva,48,54.99,5267.18,6224.37,-4.48
Decatur,Davis City,50,55.16,2876.62,3291.58,-1.13
Jones,Onslow,50,55.3,3440.66,3904.11,-1.34
Madison,Truro,52,55.37,13262.33,14688.02,-4.67
Monroe,Lovilia,52,55.74,49201.04,52388.48,-0.52
Linn,Walker,52,55.81,62004.83,64842.62,-5.73
Audubon,Kimballton,25,56.02,5955.87,7763.86,-7.46
Ringgold,Diagonal,52,56.05,31071.2,32324.28,-10.3
Johnson,West Branch,15,56.07,9219.72,9311.07,-89.24
Scott,Dixon,48,56.08,3546.49,3881.54,-7.06
Muscatine,Other,52,56.17,29618.68,32459.03,-1.77
Woodbury,Hornick,51,56.17,11623.2,13175.53,-4.46
Carroll,Lidderdale,21,57.69,43547.99,66016.89,-9.79
Woodbury,Smithland,25,58.03,3318.43,3810.13,0.78
Adair,Stuart,52,58.25,100410.39,112437.4,0.09
Greene,Rippey,50,58.27,5302.34,5659.29,-5.17
Keokuk,Delta,22,58.57,4993.63,5942.5,-7.6
Allamakee,Dorchester,12,58.72,14125.45,15592.98,-12.51
Cedar,Bennett,42,58.78,9910.39,11091.19,-0.63
Page,Braddyville,48,58.87,4736.08,5189.31,-15.67
Delaware,Hopkinton,52,58.88,86284.51,90652.79,-10.1
Hancock,Goodell,14,59.17,1849.77,1955.37,-1.47
Mahaska,Barnes City,41,59.45,12949.84,15176.41,-2.84
Boone,Pilot Mound,16,59.99,8567.86,12719.09,0.18
Poweshiek,Searsboro,14,60.85,1494.58,1908.91,-27.19
Webster,Callender,51,61.17,7749.14,9544.58,-0.38
Clayton,Farmersburg,14,61.25,7328.42,8054.32,-113.84
Hardin,Radcliffe,52,61.98,22541.41,23858.73,-12.07
Buchanan,Aurora,52,62.45,11479.08,12166.1,-1.11
Mills,Silver City,46,63.85,7946.93,9045.28,-12.34
Delaware,Dundee,52,64.36,12294.78,14556.02,-3.46
Wapello,Eddyville,52,65.19,128681.75,136644.6,-7.64
Washington,Crawfordsville,50,66.9,3278.42,3637.17,-0.4
Butler,Shell Rock,52,67.66,57003.12,62655.32,-5.62
Franklin,Dows,45,68.95,20552.74,24672.66,-12.69
Cerro Gordo,Meservey,28,69.5,2206.57,2533.94,-6.38
Warren,Lacona,52,69.62,22567.88,25294.46,-7.78
Cherokee,Cleghorn,46,69.87,4316.14,5067.14,-0.71
Clay,Peterson,52,70.16,9298.82,10360.47,-0.08
Iowa,Other,52,70.82,267585.2,271452.63,-4.63
Wright,Dows,52,70.94,34195.55,37681.29,-3.68
Jackson,Springbrook,52,71.08,4553.16,5269.64,-0.23
Jefferson,Other,52,71.65,5425.8,6762.29,-0.68
Osceola,Ashton,52,72.92,6942.53,7509.42,-3.28
Story,Mccallsburg,15,73.07,14546.56,14672.34,-0.59
Delaware,Delhi,52,73.62,82628.17,101394.65,-0.32
Jackson,Zwingle,29,73.63,10982.99,12550.74,-2.25
Allamakee,Waterville,36,74.49,4823.26,5764.65,-1.93
Monona,Castana,25,74.59,3490.52,4242.17,-5.33
Osceola,Melvin,52,74.6,25062.29,31791.48,-2.42
Monona,Blencoe,24,75.51,2545.71,3135.42,-8.67
Clayton,Volga,39,75.97,10233.49,13256.52,-1.37
Fayette,Sumner,12,76.3,22300.77,24183.56,-1.66
Greene,Grand Junction,52,76.35,40872.75,51096.8,-0.52
Clinton,Charlotte,52,76.51,15742.47,19988.87,-3.46
Muscatine,Stockton,15,76.68,3716.72,3722.61,0.91
Clayton,Postville,18,77.01,28828.62,30465.86,-4.88
Jones,Cascade,51,77.71,34320.48,37086.58,-4.69
Black Hawk,Jesup,12,77.8,56167.04,66363.81,-2655.18
Mills,Other,52,80.12,138373.06,148235.87,-8.03
Greene,Other,52,81.04,22600.64,30294.52,-0.14
Woodbury,Bronson,41,81.68,11819.48,13760.33,-2.19
Warren,Other,52,81.81,96508.08,115486.77,-3.79
Bremer,Other,52,82.66,31294.35,38615.09,-1.86
Dubuque,Other,52,82.71,29482.02,34550.04,-9.22
Guthrie,Adair,51,84.02,19307.33,21539.6,-0.12
Scott,Other,52,84.19,243932.54,255125.36,-5.79
Emmet,Other,52,84.8,6972.87,8465.21,-0.11
Kossuth,Lakota,52,86.14,10499.05,12293.07,0.08
Clinton,Other,52,86.87,20592.52,23868.65,-0.85
Mitchell,Mcintire,17,87.85,18574.6,24479.97,-47.51
Clarke,Other,52,88.59,21917.81,24044.17,-12.91
Henry,Olds,45,88.96,8863.64,11779.14,-0.57
Hamilton,Randall,16,89.55,3947.46,5191.13,-40.29
Guthrie,Other,52,90.75,9662.97,10656.98,-0.09
Taylor,Gravity,15,93.63,4271.12,4936.91,-2.19
Marshall,Liscomb,17,94.32,3954.05,5821.05,-7.64
Grundy,Other,52,95.69,14128.15,17000.66,-0.64
Jasper,Other,52,96.68,23218.63,26865.42,-0.79
Pocahontas,Gilmore City,23,96.94,63855.22,82326.03,-21.22
Humboldt,Other,52,97.35,38860.44,42549.58,-0.85
Monroe,Melrose,15,98.78,7245.67,10184.53,-10.99
Boone,Other,52,99.19,122564.95,129485.77,-0.19
Hancock,Forest City,52,99.95,133200.48,149241.63,-1.79
Worth,Joice,18,100.36,5635.0,7474.02,-23.74
Louisa,Grandview,14,100.76,8952.88,13161.78,-18.73
Marshall,Haverhill,36,101.66,13157.87,14199.4,-4.48
Palo Alto,Cylinder,52,102.06,19944.0,22336.62,-1.02
Adams,Other,52,102.42,9938.14,11588.72,-5.78
Monona,Ute,52,102.55,18328.62,20450.48,-9.75
Ringgold,Ellston,44,102.9,9952.27,11523.42,-9.46
Hamilton,Blairsburg,51,103.05,84588.77,239611.44,-0.06
Webster,Otho,41,104.8,6355.86,7018.49,0.11
Fremont,Shenandoah,52,106.85,245465.95,251961.1,-12.82
Butler,Other,52,108.32,33039.13,36772.95,-0.11
Des Moines,Other,52,108.36,61672.73,67006.52,-5.68
Sac,Other,52,109.09,16246.26,20385.86,-12.49
Pottawattamie,Macedonia,20,109.63,38377.87,42014.45,-4.84
Cherokee,Washta,26,113.57,6878.93,7606.4,-34.93
Woodbury,Cushing,32,115.45,6249.2,6887.29,-4.27
Pocahontas,Other,52,116.89,43340.26,54194.76,-0.8
Jackson,Spragueville,14,116.9,4464.55,6925.15,-77.45
Fayette,Westgate,13,117.06,13786.49,17653.18,-6.59
Jasper,Reasnor,49,118.32,3323.97,4099.32,-2.24
Monroe,Eddyville,17,119.37,81862.29,100162.12,-39.26
Adair,Other,52,122.1,49531.68,56845.53,-4.35
Guthrie,Bagley,16,122.81,15571.62,18058.85,-143.59
Linn,Walford,30,124.58,19982.44,24114.96,-0.81
Calhoun,Other,52,125.4,24972.9,26540.29,-11.4
Plymouth,Other,52,134.66,11356.15,13822.66,-0.14
Cass,Lewis,50,135.23,9711.8,13267.6,-0.45
Linn,Palo,52,136.86,260257.44,275700.09,-11.02
Cerro Gordo,Ventura,52,138.36,82272.09,95713.55,-5.57
Louisa,Columbus City,14,139.45,12692.01,15795.55,-20.45
Clay,Fostoria,41,143.63,5159.16,5781.44,-0.63
Muscatine,Atalissa,50,145.44,4276.67,5318.71,-5.49
Lucas,Derby,12,147.14,10244.4,10459.79,-167.34
Warren,Des Moines,18,149.85,129295.42,185203.58,-261.64
Winneshiek,Other,52,153.38,94309.29,94983.61,-53.06
Webster,Duncombe,51,156.26,69088.98,106086.11,-0.42
Muscatine,Fruitland,16,165.99,8411.14,11606.42,-89.24
Wapello,Other,52,169.66,23113.72,25103.94,-209.59
Fayette,Randalia,22,169.67,8818.0,10253.8,-2.71
Marion,Harvey,52,174.56,25687.87,28109.41,-1.57
Dallas,Linden,19,181.16,6059.09,7634.88,-54.21
Sioux,Other,52,182.64,21313.75,23238.44,-24.41
Delaware,Masonville,12,182.86,9537.75,11684.3,-319.23
Delaware,Other,52,190.03,116050.4,122784.69,-133.01
Woodbury,Other,52,192.94,108255.75,108713.13,-11.07
Ringgold,Other,52,195.72,10062.51,12057.89,-2.17
O'Brien,Calumet,44,197.8,71770.14,114944.13,-0.37
Henry,Other,52,200.81,25433.34,32112.76,-1.74
Humboldt,Hardy,16,204.7,6639.04,10921.16,-7.06
Wright,Woolstock,31,208.9,31003.75,32996.64,-13.11
Dallas,Grimes,22,211.29,381228.88,501352.73,-2.56
Pottawattamie,Other,52,213.12,163184.71,182582.5,-3.25
Palo Alto,Graettinger,52,213.87,292016.42,420852.25,-0.46
Guthrie,Menlo,52,220.42,56209.47,56967.49,-157.03
Delaware,Ryan,52,223.38,19817.73,26478.3,-1.05
Winnebago,Other,52,224.17,22722.91,34894.1,0.06
Story,Other,52,240.08,61475.14,62498.45,-33.11
Cedar,Wilton,29,240.81,22434.21,23840.89,0.01
Black Hawk,Other,52,245.81,154329.71,156445.62,-444.41
Van Buren,Stockport,52,246.7,18122.91,19615.02,-12.41
Polk,Alleman,43,250.71,9003.28,11546.67,-1.55
Buchanan,Rowley,50,251.04,43153.78,49396.73,-0.64
Ida,Other,52,252.03,19445.48,21313.61,-1.46
Union,Other,52,260.69,18399.41,21808.52,0.07
Cerro Gordo,Other,52,261.65,76440.03,82346.26,0.01
Taylor,Other,52,265.33,4469.24,5299.61,-0.4
Chickasaw,Other,52,269.03,12716.73,14733.34,-0.28
Ida,Arthur,48,270.81,63689.4,65160.08,-48.0
Carroll,Other,52,277.51,47374.47,53535.28,-2.96
Buchanan,Other,52,286.96,46954.19,62493.81,-6.88
Washington,West Chester,41,306.47,43173.16,47080.42,-65.99
Appanoose,Other,52,315.36,55110.92,58870.94,-6.17
Buena Vista,Other,52,319.58,11190.91,12583.82,-0.73
Page,Other,52,359.9,25376.16,30086.42,-3.56
Cherokee,Other,51,379.83,14282.8,15522.12,-4.74
Woodbury,Salix,52,380.56,135207.47,150900.55,-59.14
Palo Alto,Other,52,384.72,4232.11,4684.43,-3.48
Decatur,Other,52,387.67,26071.58,27860.05,-1.65
Tama,Other,52,400.47,32472.75,36021.35,-2.22
Lucas,Other,51,412.84,13232.69,14095.77,-10.87
Polk,Other,52,416.26,1888163.89,1902700.34,-459.37
Benton,Luzerne,13,421.06,6896.11,7552.77,-516.14
Worth,Other,52,458.0,36205.41,36797.43,-43.8
Adams,Prescott,14,471.42,14690.02,20667.96,-163.55
Wayne,Other,52,556.49,65467.46,72118.19,-0.11
Louisa,Other,52,557.94,31937.49,35041.85,-1.39
Webster,Other,52,663.46,166340.25,182253.4,-11.71
Howard,Other,51,665.23,48687.1,49265.49,-192.55
Allamakee,Other,52,667.26,93539.0,94629.9,-131.59
Hardin,Other,50,774.1,30808.76,31272.84,-145.65
Clayton,Mcgregor,41,776.02,27360.04,38045.82,-0.15
Linn,Other,52,786.28,556349.06,605401.25,-6.3
Wright,Other,52,938.8,21430.01,23563.84,-21.73
Sac,Nemaha,18,1065.75,4995.94,6039.01,-2.58
Jones,Other,52,1152.27,93647.84,98480.76,-41.36
Clay,Other,52,1208.7,24805.31,30863.01,-0.21
Dubuque,Zwingle,17,1708.19,6533.71,7116.18,-1.53
Lyon,Other,49,1889.22,44732.52,48077.03,-0.9
Cass,Other,50,2009.1,31539.42,33079.9,-14.61
Monroe,Other,50,3172.54,25008.62,31776.19,-0.21
Mahaska,Eddyville,33,3551.86,20843.57,28412.0,-0.5
Franklin,Alexander,51,2.463982208942495e+20,4474.27,4829.01,-1.54
Dubuque,Bernard,52,1.4213483092037783e+21,4794.98,7661.46,0.15
Dickinson,Other,52,2.1815647379491898e+21,60187.28,65944.96,-8.73
Polk,Runnells,52,4.6525080224627567e+21,45863.63,52457.27,0.15
Polk,Carlisle,50,6.470775138667651e+21,23246.52,34624.49,0.01
Harrison,Woodbine,52,7.6127937541188e+21,38825.27,62079.81,0.14
Scott,Riverdale,12,9.921789370447248e+22,276083.78,387692.17,-191.32
